Name,Grade Category,Grade,Rating,Address,State,City,postalcode
ACERO - BRIGHTON PARK ,ES,K-8,Level 1,4420 S Fairfield Ave  ,IL,Chicago,60632
ACERO - CISNEROS ,ES,K-8,Level 1+,2744 W Pershing Rd  ,IL,Chicago,60632
ACERO - CLEMENTE ,ES,K-8,Level 1,2050 N Natchez Ave  ,IL,Chicago,60707
ACERO - DE LA CRUZ ,ES,K-12,Level 1,7416 N Ridge Ave  ,IL,Chicago,60645
ACERO - DE LAS CASAS ,ES,K-8,Level 1,1641 W 16th St  ,IL,Chicago,60608
ACERO - FUENTES ,ES,K-8,Level 1,2845 W Barry Ave  ,IL,Chicago,60618
ACERO - GARCIA HS ,HS,09-Dec,Level 1,4248 W 47th St  ,IL,Chicago,60632
ACERO - IDAR ,ES,K-8,Level 1,5050 S Homan Ave  ,IL,Chicago,60632
ACERO - MARQUEZ ,ES,K-8,Level 1+,2916 W 47th St  ,IL,Chicago,60632
ACERO - PAZ ,ES,K-8,Level 2,2651 W 23rd St  ,IL,Chicago,60608
ACERO - SANTIAGO ,ES,K-8,Level 1+,2510 W Cortez St  ,IL,Chicago,60622
ACERO - SOTO HS ,HS,09-Dec,Level 2+,5025 S St. Louis Ave  ,IL,Chicago,60632
ACERO - TAMAYO ,ES,K-8,Level 1+,5135 S California Ave  ,IL,Chicago,60632
ACERO - TORRES ,ES,K-8,Level 1,4248 W 47th St  ,IL,Chicago,60632
ACERO - ZIZUMBO ,ES,K-8,Level 1,4248 W 47th St  ,IL,Chicago,60632
ADDAMS ,ES,"PK,K-8",Level 1,10810 S Avenue H  ,IL,Chicago,60617
AGASSIZ ,ES,"PK,K-8",Level 1+,2851 N Seminary Ave  ,IL,Chicago,60657
AHS - PASSAGES ,ES,K-8,Level 2+,1643 W Bryn Mawr Ave  ,IL,Chicago,60660
AIR FORCE HS ,HS,09-Dec,Level 1,3630 S Wells St  ,IL,Chicago,60609
ALBANY PARK ,MS,07-Aug,Level 1+,4929 N Sawyer Ave  ,IL,Chicago,60625
ALCOTT ES ,ES,"PK,K-8",Level 1+,2625 N Orchard St  ,IL,Chicago,60614
ALCOTT HS ,HS,09-Dec,Level 1+,2957 N Hoyne Ave  ,IL,Chicago,60618
ALDRIDGE ,ES,"PK,K-8",Level 2+,630 E 131st St  ,IL,Chicago,60827
AMUNDSEN HS ,HS,09-Dec,Level 1+,5110 N Damen Ave  ,IL,Chicago,60625
ARIEL ,ES,"PK,K-8",Level 2,1119 E 46th St  ,IL,Chicago,60653
ARMOUR ,ES,"PK,K-8",Level 2+,950 W 33rd Pl  ,IL,Chicago,60608
ARMSTRONG G ,ES,"PK,K-8",Level 1+,2110 W Greenleaf Ave  ,IL,Chicago,60645
ART IN MOTION ,HS,07-Aug,Inability to Rate,7415 S East End Ave  ,IL,Chicago,60649
ASHBURN ,ES,"PK,K-8",Level 1,8300 S St Louis Ave  ,IL,Chicago,60652
ASHE ,ES,"PE,PK,K-8",Level 2+,8505 S Ingleside Ave  ,IL,Chicago,60619
ASPIRA - BUSINESS & FINANCE HS ,HS,09-Dec,Level 2+,2989 N Milwaukee Ave  ,IL,Chicago,60618
ASPIRA - EARLY COLLEGE HS ,HS,09-Dec,Level 2+,3986 W Barry Ave  ,IL,Chicago,60618
ASPIRA - HAUGAN ,MS,06-Aug,Level 2,3729 W Leland Ave  ,IL,Chicago,60625
AUDUBON ,ES,"PK,K-8",Level 1+,3500 N Hoyne Ave  ,IL,Chicago,60618
AUSTIN CCA HS ,HS,09-Dec,Level 2,231 N Pine Ave  ,IL,Chicago,60644
AVALON PARK ,ES,"PK,K-8",Level 1,8045 S Kenwood Ave  ,IL,Chicago,60619
AVONDALE-LOGANDALE ,ES,"PK,K-8",Level 1,3212 W George St  ,IL,Chicago,60618
AZUELA ,ES,"PK,K-8",Level 1,4707 W Marquette Rd  ,IL,Chicago,60629
BACK OF THE YARDS HS ,HS,09-Dec,Level 1+,2111 W 47th St  ,IL,Chicago,60609
BARNARD ,ES,"PK,K-8",Level 1,10354 S Charles St  ,IL,Chicago,60643
BARRY ,ES,"PK,K-6",Level 2+,2828 N Kilbourn Ave  ,IL,Chicago,60641
BARTON ,ES,"PK,K-8",Level 2,7650 S Wolcott Ave  ,IL,Chicago,60620
BASS ,ES,"PK,K-8",Level 1,1140 W 66th St  ,IL,Chicago,60621
BATEMAN ,ES,"PK,K-8",Level 1+,4220 N Richmond St  ,IL,Chicago,60618
BEARD ,ES,"PK,K-3",Inability to Rate,6445 W Strong St  ,IL,Chicago,60656
BEASLEY ,ES,"PK,K-8",Level 2+,5255 S State St  ,IL,Chicago,60609
BEAUBIEN ,ES,"PK,K-8",Level 1+,5025 N Laramie Ave  ,IL,Chicago,60630
BEETHOVEN ,ES,"PK,K-8",Level 2,25 W 47th St  ,IL,Chicago,60609
BEIDLER ,ES,"PK,K-8",Level 1,3151 W Walnut St  ,IL,Chicago,60612
BELDING ,ES,"PK,K-8",Level 1,4257 N Tripp Ave  ,IL,Chicago,60641
BELL ,ES,K-8,Level 1+,3730 N Oakley Ave  ,IL,Chicago,60618
BELMONT-CRAGIN ,ES,"PK,K-8",Level 2+,5252 W Palmer St  ,IL,Chicago,60639
BENNETT ,ES,"PK,K-8",Level 1+,10115 S Prairie Ave  ,IL,Chicago,60628
BLACK ,ES,K-8,Level 1,9101 S Euclid Ave  ,IL,Chicago,60617
BLAINE ,ES,"PK,K-8",Level 1+,1420 W Grace St  ,IL,Chicago,60613
BLAIR ,ES,"PK,K-2",Inability to Rate,6751 W 63rd Pl  ,IL,Chicago,60638
BOGAN HS ,HS,09-Dec,Level 2,3939 W 79th St  ,IL,Chicago,60652
BOND ,ES,"PK,K-8",Level 2,7050 S May St  ,IL,Chicago,60621
BOONE ,ES,"PK,K-8",Level 1,6710 N Washtenaw Ave  ,IL,Chicago,60645
BOUCHET ,ES,"PK,K-8",Level 1+,7355 S Jeffery Blvd  ,IL,Chicago,60649
BOWEN HS ,HS,09-Dec,Level 2,2710 E 89th St  ,IL,Chicago,60617
BRADWELL ,ES,"PK,K-8",Level 2+,7736 S Burnham Ave  ,IL,Chicago,60649
BRENNEMANN ,ES,"PK,K-8",Level 1+,4251 N Clarendon Ave  ,IL,Chicago,60613
BRENTANO ,ES,"PK,K-8",Level 2+,2723 N Fairfield Ave  ,IL,Chicago,60647
BRIDGE ,ES,"PK,K-8",Level 1,3800 N New England Ave  ,IL,Chicago,60634
BRIGHT ,ES,"PK,K-8",Level 2,10740 S Calhoun Ave  ,IL,Chicago,60617
BRIGHTON PARK ,ES,"PK,K-8",Level 2+,3825 S Washtenaw Ave  ,IL,Chicago,60632
BRONZEVILLE CLASSICAL ,ES,K-3,Inability to Rate,8 W Root  ,IL,Chicago,60609
BRONZEVILLE HS ,HS,09-Dec,Level 2,4934 S Wabash Ave  ,IL,Chicago,60615
BROOKS HS ,HS,07-Dec,Level 1+,250 E 111th St  ,IL,Chicago,60628
BROWN R ,ES,"PK,K-8",Level 2+,12607 S Union Ave  ,IL,Chicago,60628
BROWN W ,ES,"PK,K-8",Level 2+,54 N Hermitage Ave  ,IL,Chicago,60612
BROWNELL ,ES,"PK,K-6",Level 2,6741 S Michigan Ave  ,IL,Chicago,60637
BRUNSON ,ES,"PK,K-8",Level 2,932 N Central Ave  ,IL,Chicago,60651
BUDLONG ,ES,"PK,K-8",Level 1+,2701 W Foster Ave  ,IL,Chicago,60625
BURBANK ,ES,"PK,K-8",Level 1,2035 N Mobile Ave  ,IL,Chicago,60639
BURKE ,ES,"PK,K-8",Level 2+,5356 S King Dr  ,IL,Chicago,60615
BURLEY ,ES,K-8,Level 1+,1630 W Barry Ave  ,IL,Chicago,60657
BURNHAM ,ES,"PK,K-8",Level 2,9928 S Crandon Ave  ,IL,Chicago,60617
BURNSIDE ,ES,"PK,K-8",Level 1+,650 E 91st Pl  ,IL,Chicago,60619
BURR ,ES,K-8,Level 1,1621 W Wabansia Ave  ,IL,Chicago,60622
BURROUGHS ,ES,"PK,K-8",Level 1+,3542 S Washtenaw Ave  ,IL,Chicago,60632
BYRNE ,ES,K-8,Level 2+,5329 S Oak Park Ave  ,IL,Chicago,60638
CALDWELL ,ES,"PK,K-8",Level 1+,8546 S Cregier Ave  ,IL,Chicago,60617
CALMECA ,ES,"PK,K-8",Level 1+,3456 W 38th St  ,IL,Chicago,60632
CAMELOT - EXCEL ENGLEWOOD HS ,HS,08-Dec,Level 1+,7141 S Morgan  ,IL,Chicago,60621
CAMELOT - EXCEL HS ,HS,09-Dec,Level 1,1257 W 111th St  ,IL,Chicago,60643
CAMELOT - EXCEL SOUTHSHORE HS ,HS,09-Dec,Level 1,7530 S South Shore Dr  ,IL,Chicago,60649
CAMELOT - EXCEL SOUTHWEST HS ,HS,08-Dec,Level 2+,7050 S Washtenaw Ave  ,IL,Chicago,60629
CAMELOT - SAFE ES ,ES,04-Aug,Level 1,7877 S Coles Ave  ,IL,Chicago,60649
CAMELOT - SAFE HS ,HS,09-Dec,Level 1,7877 S Coles Ave  ,IL,Chicago,60649
CAMERON ,ES,"PK,K-8",Level 1,1234 N Monticello Ave  ,IL,Chicago,60651
CAMRAS ,ES,"PK,K-8",Level 1,3000 N Mango Ave  ,IL,Chicago,60634
CANTY ,ES,"PK,K-8",Level 1,3740 N Panama Ave  ,IL,Chicago,60634
CARDENAS ,ES,"PK,K-8",Level 1+,2345 S Millard Ave  ,IL,Chicago,60623
CARNEGIE ,ES,"PK,K-8",Level 2+,1414 E 61st Pl  ,IL,Chicago,60637
CARROLL ,ES,"PK,K-8",Level 1,2929 W 83rd St  ,IL,Chicago,60652
CARSON ,ES,"PK,K-8",Level 1,5516 S Maplewood Ave  ,IL,Chicago,60629
CARTER ,ES,"PK,K-8",Level 1,5740 S Michigan Ave  ,IL,Chicago,60637
CARVER G ,ES,"PK,K-8",Level 2,901 E 133rd Pl  ,IL,Chicago,60827
CARVER MILITARY HS ,HS,09-Dec,Level 1+,13100 S Doty Ave  ,IL,Chicago,60827
CASALS ,ES,"PK,K-8",Level 1+,3501 W Potomac Ave  ,IL,Chicago,60651
CASSELL ,ES,K-8,Level 1,11314 S Spaulding Ave  ,IL,Chicago,60655
CATALYST - CIRCLE ROCK ,ES,K-8,Level 2+,5608 W Washington Blvd  ,IL,Chicago,60644
CATALYST - MARIA ,ES,K-12,Level 2+,6727 S California Ave  ,IL,Chicago,60629
CATHER ,ES,"PK,K-8",Level 1,2908 W Washington Blvd  ,IL,Chicago,60612
CHALMERS ,ES,"PK,K-8",Level 2,2745 W Roosevelt Rd  ,IL,Chicago,60608
CHAPPELL ,ES,"PK,K-8",Level 1+,2135 W Foster Ave  ,IL,Chicago,60625
CHASE ,ES,"PK,K-8",Level 1+,2021 N Point St  ,IL,Chicago,60647
CHAVEZ ,ES,"PK,K-8",Level 1+,4747 S Marshfield Ave  ,IL,Chicago,60609
CHIARTS HS ,HS,09-Dec,Level 1,2714 W Augusta Blvd  ,IL,Chicago,60622
CHICAGO ACADEMY ES ,ES,"PK,K-8",Level 1+,3400 N Austin Ave  ,IL,Chicago,60634
CHICAGO ACADEMY HS ,HS,09-Dec,Level 1,3400 N Austin Ave  ,IL,Chicago,60634
CHICAGO AGRICULTURE HS ,HS,09-Dec,Level 1+,3857 W 111th St  ,IL,Chicago,60655
CHICAGO COLLEGIATE ,HS,04-Nov,Level 2,11816 S Indiana  ,IL,Chicago,60628
CHICAGO MATH & SCIENCE HS ,HS,06-Dec,Level 1+,7212 N Clark St  ,IL,Chicago,60626
CHICAGO MILITARY HS ,HS,09-Dec,Level 1,3519 S Giles Ave  ,IL,Chicago,60653
CHICAGO TECH HS ,HS,09-Dec,Level 2+,1301 W 14th St  ,IL,Chicago,60608
CHICAGO VIRTUAL ,HS,K-12,Level 2,38 S Peoria St  ,IL,Chicago,60607
CHICAGO VOCATIONAL HS ,HS,09-Dec,Level 2+,2100 E 87th St  ,IL,Chicago,60617
CHOPIN ,ES,"PK,K-8",Level 2,2450 W Rice St  ,IL,Chicago,60622
CHRISTOPHER ,ES,K-8,Level 1,5042 S Artesian Ave  ,IL,Chicago,60632
CHRISTOPHER HOUSE ,ES,"PK,K-7",Level 1,5235 W Belden Ave  ,IL,Chicago,60639
CICS - AVALON/SOUTH SHORE ,ES,K-8,Level 1,1501 E 83rd Pl  ,IL,Chicago,60619
CICS - BASIL ,ES,K-8,Level 2+,1816 W Garfield Blvd  ,IL,Chicago,60609
CICS - BOND ,ES,K-6,Level 2,13300 S Langley Ave  ,IL,Chicago,60827
CICS - BUCKTOWN ,ES,K-8,Level 1,2235 N Hamilton Ave  ,IL,Chicago,60647
CICS - CHICAGOQUEST HS ,HS,09-Dec,Level 2+,1443 N Ogden Ave  ,IL,Chicago,60610
CICS - ELLISON HS ,HS,09-Dec,Level 2,1817 W 80th St  ,IL,Chicago,60620
CICS - IRVING PARK ,ES,K-8,Level 2+,3820 N Spaulding Ave  ,IL,Chicago,60618
CICS - LONGWOOD ,HS,03-Dec,Level 2,1309 W 95th St  ,IL,Chicago,60643
CICS - LOOMIS ,ES,K-2,Inability to Rate,9535 S Loomis St  ,IL,Chicago,60643
CICS - NORTHTOWN HS ,HS,09-Dec,Level 1+,3900 W Peterson Ave  ,IL,Chicago,60659
CICS - PRAIRIE ,ES,K-8,Level 2,11530 S Prairie Ave  ,IL,Chicago,60628
CICS - WASHINGTON PARK ,ES,K-8,Level 1,110 E 61st St  ,IL,Chicago,60637
CICS - WEST BELDEN ,ES,K-8,Level 1,2245 N Mcvicker Ave  ,IL,Chicago,60639
CICS - WRIGHTWOOD ,ES,K-8,Level 2+,8130 S California Ave  ,IL,Chicago,60652
CLAREMONT ,ES,"PK,K-8",Level 2,2300 W 64th St  ,IL,Chicago,60636
CLARK ES ,ES,"PK,K-8",Level 1+,1045 S Monitor Ave  ,IL,Chicago,60644
CLARK HS ,HS,09-Dec,Level 2+,5101 W Harrison St  ,IL,Chicago,60644
CLAY ,ES,"PK,K-8",Level 2,13231 S Burley Ave  ,IL,Chicago,60633
CLEMENTE HS ,HS,09-Dec,Level 2,1147 N Western Ave  ,IL,Chicago,60622
CLEVELAND ,ES,"PK,K-8",Level 2+,3121 W Byron St  ,IL,Chicago,60618
CLINTON ,ES,"PK,K-8",Level 1+,6110 N Fairfield Ave  ,IL,Chicago,60659
CLISSOLD ,ES,K-8,Level 2+,2350 W 110th Pl  ,IL,Chicago,60643
COLEMON ,ES,"PK,K-8",Level 1+,1441 W 119th St  ,IL,Chicago,60643
COLES ,ES,"PK,K-8",Level 2+,8441 S Yates Blvd  ,IL,Chicago,60617
COLLINS HS ,HS,09-Dec,Level 2,1313 S Sacramento Dr  ,IL,Chicago,60623
COLUMBIA EXPLORERS ,ES,"PE,PK,K-8",Level 1+,4520 S Kedzie Ave  ,IL,Chicago,60632
COLUMBUS ,ES,"PK,K-8",Level 1+,1003 N Leavitt St  ,IL,Chicago,60622
COOK ,ES,"PK,K-8",Level 1,8150 S Bishop St  ,IL,Chicago,60620
COONLEY ,ES,K-8,Level 1+,4046 N Leavitt St  ,IL,Chicago,60618
COOPER ,ES,"PK,K-5",Level 1,1624 W 19th St  ,IL,Chicago,60608
CORKERY ,ES,"PK,K-8",Level 2+,2510 S Kildare Ave  ,IL,Chicago,60623
CORLISS HS ,HS,09-Dec,Level 2,821 E 103rd St  ,IL,Chicago,60628
COURTENAY ,ES,"PK,K-8",Level 2+,4420 N Beacon St  ,IL,Chicago,60640
CRANE MEDICAL HS ,HS,09-Dec,Level 1,2245 W Jackson Blvd  ,IL,Chicago,60612
CROWN ,ES,"PK,K-8",Level 2,2128 S Saint Louis Ave  ,IL,Chicago,60623
CUFFE ,ES,"PK,K-8",Level 1,8324 S Racine Ave  ,IL,Chicago,60620
CULLEN ,ES,K-8,Level 2+,10650 S Eberhart Ave  ,IL,Chicago,60628
CURIE HS ,HS,09-Dec,Level 2+,4959 S Archer Ave  ,IL,Chicago,60632
CURTIS ,ES,"PK,K-8",Level 2,32 E 115th St  ,IL,Chicago,60628
DALEY ,ES,"PK,K-8",Level 2,5024 S Wolcott Ave  ,IL,Chicago,60609
DARWIN ,ES,"PK,K-8",Level 1,3116 W Belden Ave  ,IL,Chicago,60647
DAVIS M ,ES,"PK,K-8",Level 1,6740 S Paulina St  ,IL,Chicago,60636
DAVIS N ,ES,"PK,K-8",Level 2+,3014 W 39th Pl  ,IL,Chicago,60632
DAWES ,ES,"PK,K-8",Level 1+,3810 W 81st Pl  ,IL,Chicago,60652
DE DIEGO ,ES,"PK,K-8",Level 1,1313 N Claremont Ave  ,IL,Chicago,60622
DECATUR ,ES,K-6,Level 1+,7030 N Sacramento Ave  ,IL,Chicago,60645
DENEEN ,ES,"PK,K-8",Level 2+,7240 S Wabash Ave  ,IL,Chicago,60619
DEPRIEST ,ES,"PK,K-8",Level 2+,139 S Parkside Ave  ,IL,Chicago,60644
DETT ,ES,"PK,K-8",Level 3,2131 W Monroe St  ,IL,Chicago,60612
DEVER ,ES,"PK,K-8",Level 1,3436 N Osceola Ave  ,IL,Chicago,60634
DEVRY HS ,HS,11-Dec,Level 1+,3300 N Campbell Ave  ,IL,Chicago,60618
DEWEY ,ES,"PK,K-8",Level 1,5415 S Union Ave  ,IL,Chicago,60609
DIRKSEN ,ES,"PK,K-8",Level 1,8601 W Foster Ave  ,IL,Chicago,60656
DISNEY ,ES,"PK,K-8",Level 1+,4140 N Marine Dr  ,IL,Chicago,60613
DISNEY II ES ,ES,"PK,K-6",Level 1,3815 N Kedvale Ave  ,IL,Chicago,60641
DISNEY II HS ,HS,07-Dec,Level 1,3900 N Lawndale Ave  ,IL,Chicago,60618
DIXON ,ES,"PK,K-8",Level 1+,8306 S Saint Lawrence Ave  ,IL,Chicago,60619
DOOLITTLE ,ES,"PK,K-8",Level 2,535 E 35th St  ,IL,Chicago,60616
DORE ,ES,"PK,K-8",Level 1,7134 W 65th St  ,IL,Chicago,60638
DOUGLASS HS ,HS,09-Dec,Level 2,543 N Waller Ave  ,IL,Chicago,60644
DRAKE ,ES,"PK,K-8",Level 2+,2710 S Dearborn St  ,IL,Chicago,60616
DRUMMOND ,ES,"PK,K-8",Level 1+,1845 W Cortland St  ,IL,Chicago,60622
DUBOIS ,ES,"PK,K-8",Level 2,330 E 133rd St  ,IL,Chicago,60827
DULLES ,ES,"PK,K-8",Level 2,6311 S Calumet Ave  ,IL,Chicago,60637
DUNBAR HS ,HS,09-Dec,Level 2,3000 S King Dr  ,IL,Chicago,60616
DUNNE ,ES,"PK,K-8",Level 2+,10845 S Union Ave  ,IL,Chicago,60628
DURKIN PARK ,ES,"PK,K-8",Level 1+,8445 S Kolin Ave  ,IL,Chicago,60652
DVORAK ,ES,"PK,K-8",Level 1,3615 W 16th St  ,IL,Chicago,60623
DYETT ARTS HS ,HS,09-Dec,Level 1,555 E 51st  ,IL,Chicago,60615
EARHART ,ES,K-8,Level 1+,1710 E 93rd St  ,IL,Chicago,60617
EARLE ,ES,"PK,K-8",Level 2,2040 W 62nd St  ,IL,Chicago,60636
EBERHART ,ES,K-8,Level 2+,3400 W 65th Pl  ,IL,Chicago,60629
EBINGER ,ES,K-8,Level 1+,7350 W Pratt Ave  ,IL,Chicago,60631
EDGEBROOK ,ES,K-8,Level 1+,6525 N Hiawatha Ave  ,IL,Chicago,60646
EDISON ,ES,K-8,Level 1+,4929 N Sawyer Ave  ,IL,Chicago,60625
EDISON PARK ,ES,K-8,Level 1,6220 N Olcott Ave  ,IL,Chicago,60631
EDWARDS ,ES,"PK,K-8",Level 1,4815 S Karlov Ave  ,IL,Chicago,60632
ELLINGTON ,ES,"PK,K-8",Level 2+,243 N Parkside Ave  ,IL,Chicago,60644
ENGLEWOOD STEM HS ,HS,9,,6835 S Normal  ,IL,Chicago,60621
EPIC HS ,HS,09-Dec,Level 1+,8255 S Houston Ave  ,IL,Chicago,60617
ERICSON ,ES,"PK,K-8",Level 2+,3600 W 5th Ave  ,IL,Chicago,60624
ERIE ,ES,K-8,Level 2,1405 N Washtenaw Ave  ,IL,Chicago,60622
ESMOND ,ES,"PK,K-8",Level 1+,1865 W Montvale Ave  ,IL,Chicago,60643
EVERETT ,ES,"PK,K-5",Level 1,3419 S Bell Ave  ,IL,Chicago,60608
EVERGREEN ,MS,06-Aug,Level 1,3537 S Paulina St  ,IL,Chicago,60609
EVERS ,ES,"PK,K-8",Level 2+,9811 S Lowe Ave  ,IL,Chicago,60628
FAIRFIELD ,ES,"PK,K-8",Level 2+,6201 S Fairfield Ave  ,IL,Chicago,60629
FALCONER ,ES,"PK,K-6",Level 1+,3020 N Lamon Ave  ,IL,Chicago,60641
FARADAY ,ES,"PK,K-8",Level 1+,3250 W Monroe St  ,IL,Chicago,60624
FARNSWORTH ,ES,"PK,K-8",Level 1+,5414 N Linder Ave  ,IL,Chicago,60630
FARRAGUT HS ,HS,09-Dec,Level 2+,2345 S Christiana Ave  ,IL,Chicago,60623
FENGER HS ,HS,09-Dec,Level 2,11220 S Wallace St  ,IL,Chicago,60628
FERNWOOD ,ES,"PK,K-8",Level 1+,10041 S Union Ave  ,IL,Chicago,60628
FIELD ,ES,05-Aug,Level 2+,7019 N Ashland Ave  ,IL,Chicago,60626
FINKL ,ES,"PK,K-8",Level 2+,2332 S Western Ave  ,IL,Chicago,60608
FISKE ,ES,"PK,K-8",Level 2+,6020 S Langley Ave  ,IL,Chicago,60637
FOREMAN HS ,HS,09-Dec,Level 2,3235 N Leclaire Ave  ,IL,Chicago,60641
FORT DEARBORN ,ES,"PK,K-8",Level 1+,9025 S Throop St  ,IL,Chicago,60620
FOSTER PARK ,ES,"PK,K-8",Level 2+,8530 S Wood St  ,IL,Chicago,60620
FOUNDATIONS ,HS,06-Dec,Level 2,1233 W 109th Pl  ,IL,Chicago,60643
FRANKLIN ,ES,K-8,Level 1+,225 W Evergreen Ave  ,IL,Chicago,60610
FRAZIER CHARTER ,ES,K-8,Level 2,3711 W Douglas Blvd  ,IL,Chicago,60623
FRAZIER PROSPECTIVE ,ES,K-8,Level 1,4027 W Grenshaw St  ,IL,Chicago,60624
FULLER ,ES,"PK,K-8",Level 2+,4214 S St Lawrence Ave  ,IL,Chicago,60653
FULTON ,ES,"PK,K-8",Level 2+,5300 S Hermitage Ave  ,IL,Chicago,60609
FUNSTON ,ES,"PK,K-8",Level 2,2010 N Central Park Ave  ,IL,Chicago,60647
GAGE PARK HS ,HS,09-Dec,Level 2,5630 S Rockwell St  ,IL,Chicago,60629
GALE ,ES,"PK,K-8",Level 2+,1631 W Jonquil Ter  ,IL,Chicago,60626
GALILEO ,ES,K-8,Level 1,820 S Carpenter St  ,IL,Chicago,60607
GALLISTEL ,ES,"PK,K-8",Level 1+,10347 S Ewing Ave  ,IL,Chicago,60617
GARVEY ,ES,"PK,K-8",Level 2,10309 S Morgan St  ,IL,Chicago,60643
GARVY ,ES,K-8,Level 1,5225 N Oak Park Ave  ,IL,Chicago,60656
GARY ,ES,"PK,3-8",Level 1,3740 W 31st St  ,IL,Chicago,60623
GILLESPIE ,ES,"PK,K-8",Level 2+,9301 S State St  ,IL,Chicago,60619
GLOBAL CITIZENSHIP ,ES,K-8,Level 1,4647 W 47th St  ,IL,Chicago,60632
GOETHE ,ES,"PK,K-8",Level 1,2236 N Rockwell St  ,IL,Chicago,60647
GOODE HS ,HS,09-Dec,Level 2+,7651 S Homan Ave  ,IL,Chicago,60652
GOUDY ,ES,"PK,K-8",Level 1+,5120 N Winthrop Ave  ,IL,Chicago,60640
GRAHAM ES ,ES,"PK,K-8",Level 2,4436 S Union Ave  ,IL,Chicago,60609
GRAHAM HS ,HS,09-Dec,Inability to Rate,2347 S Wabash Ave  ,IL,Chicago,60616
GRAY ,ES,"PK,K-8",Level 1,3730 N Laramie Ave  ,IL,Chicago,60641
GREAT LAKES ,ES,K-6,Level 1,8401 S Saginaw Ave  ,IL,Chicago,60617
GREELEY ,ES,"PK,K-8",Level 1,832 W Sheridan Rd  ,IL,Chicago,60613
GREEN ,ES,"PK,K-8",Level 1,1150 W 96th St  ,IL,Chicago,60643
GREENE ,ES,"PK,K-5",Level 1+,3525 S Honore St  ,IL,Chicago,60609
GREGORY ,ES,"PK,K-8",Level 2,3715 W Polk St  ,IL,Chicago,60624
GRESHAM ,ES,"PK,K-8",Level 1+,8524 S Green St  ,IL,Chicago,60620
GRIMES ,ES,"PK,K-8",Level 1+,5450 W 64th Pl  ,IL,Chicago,60638
GRISSOM ,ES,"PK,K-8",Level 1,12810 S Escanaba Ave  ,IL,Chicago,60633
GUNSAULUS ,ES,"PK,K-8",Level 1+,4420 S Sacramento Ave  ,IL,Chicago,60632
HAINES ,ES,"PK,K-8",Level 1+,247 W 23rd Pl  ,IL,Chicago,60616
HALE ,ES,K-8,Level 1,6140 S Melvina Ave  ,IL,Chicago,60638
HALEY ,ES,"PK,K-8",Level 1,11411 S Eggleston Ave  ,IL,Chicago,60628
HAMILTON ,ES,"PK,K-8",Level 1+,1650 W Cornelia Ave  ,IL,Chicago,60657
HAMLINE ,ES,"PK,K-8",Level 2,4747 S Bishop St  ,IL,Chicago,60609
HAMMOND ,ES,"PK,K-8",Level 2+,2819 W 21st Pl  ,IL,Chicago,60623
HAMPTON ,ES,K-8,Level 2+,3434 W 77th St  ,IL,Chicago,60652
HANCOCK HS ,HS,09-Dec,Level 1+,4034 W 56th St  ,IL,Chicago,60629
HANSON PARK ,ES,"PK,K-8",Level 1,5411 W Fullerton Ave  ,IL,Chicago,60639
HARLAN HS ,HS,09-Dec,Level 3,9652 S Michigan Ave  ,IL,Chicago,60628
HARPER HS ,HS,11-Dec,Level 2,6520 S Wood St  ,IL,Chicago,60636
HARTE ,ES,"PK,K-8",Level 1,1556 E 56th St  ,IL,Chicago,60637
HARVARD ,ES,"PK,K-8",Level 1,7525 S Harvard  ,IL,Chicago,60620
HAUGAN ,ES,"PK,K-8",Level 1,4540 N Hamlin Ave  ,IL,Chicago,60625
HAWTHORNE ,ES,K-8,Level 1+,3319 N Clifton Ave  ,IL,Chicago,60657
HAY ,ES,"PK,K-8",Level 2,1018 N Laramie Ave  ,IL,Chicago,60651
HAYT ,ES,"PK,K-8",Level 1+,1518 W Granville Ave  ,IL,Chicago,60660
HEALY ,ES,K-8,Level 1+,3010 S Parnell Ave  ,IL,Chicago,60616
HEARST ,ES,"PK,K-8",Level 2,4640 S Lamon Ave  ,IL,Chicago,60638
HEDGES ,ES,"PK,K-8",Level 2,4747 S Winchester Ave  ,IL,Chicago,60609
HEFFERAN ,ES,"PK,K-8",Level 1+,4409 W Wilcox St  ,IL,Chicago,60624
HENDERSON ,ES,"PK,K-8",Level 2,5650 S Wolcott Ave  ,IL,Chicago,60636
HENDRICKS ,ES,"PK,K-8",Level 2+,4316 S Princeton Ave  ,IL,Chicago,60609
HENRY ,ES,"PK,K-8",Level 2+,4250 N Saint Louis Ave  ,IL,Chicago,60618
HERNANDEZ ,MS,06-Aug,Level 1,3510 W 55th St  ,IL,Chicago,60632
HERZL ,ES,"PK,K-8",Level 2,3711 W Douglas Blvd  ,IL,Chicago,60623
HIBBARD ,ES,"PK,K-6",Level 1,3244 W Ainslie St  ,IL,Chicago,60625
HIGGINS ,ES,"PK,K-8",Level 2,11710 S Morgan St  ,IL,Chicago,60643
HIRSCH HS ,HS,09-Dec,Level 2,7740 S Ingleside Ave  ,IL,Chicago,60619
HITCH ,ES,"PK,K-8",Level 1+,5625 N Mcvicker Ave  ,IL,Chicago,60646
HOLDEN ,ES,"PK,K-8",Level 1+,1104 W 31st St  ,IL,Chicago,60608
HOLMES ,ES,"PK,K-8",Level 2+,955 W Garfield Blvd  ,IL,Chicago,60621
HOPE HS ,HS,11-Dec,Level 2,5515 S Lowe Ave  ,IL,Chicago,60621
HOPE LEARNING ACADEMY ,ES,K-5,Level 2+,1628 W Washington  ,IL,Chicago,60612
HORIZON - SOUTHWEST ,ES,K-12,Level 2,5401 S Western Ave  ,IL,Chicago,60609
HOWE ,ES,"PK,K-8",Level 2,720 N Lorel Ave  ,IL,Chicago,60644
HOYNE ,ES,"PK,K-8",Level 2+,8905 S Crandon Ave  ,IL,Chicago,60617
HUBBARD HS ,HS,09-Dec,Level 2+,6200 S Hamlin Ave  ,IL,Chicago,60629
HUGHES C ,ES,"PK,K-8",Level 1,4247 W 15th St  ,IL,Chicago,60623
HUGHES L ,ES,"PK,K-8",Level 2,240 W 104th St  ,IL,Chicago,60628
HURLEY ,ES,"PK,K-8",Level 1,3849 W 69th Pl  ,IL,Chicago,60629
HYDE PARK HS ,HS,09-Dec,Level 2,6220 S Stony Island Ave  ,IL,Chicago,60637
INFINITY HS ,HS,09-Dec,Level 1+,3120 S Kostner Ave  ,IL,Chicago,60623
INSTITUTO - HEALTH ,HS,09-Dec,Level 2+,2520 S Western Ave  ,IL,Chicago,60608
INSTITUTO - LOZANO HS ,HS,09-Dec,Level 1,2570 S Blue Island Ave  ,IL,Chicago,60608
INTER-AMERICAN ,ES,"PK,K-8",Level 1+,851 W Waveland Ave  ,IL,Chicago,60613
INTRINSIC HS ,HS,07-Dec,Level 1+,4540 W Belmont Ave  ,IL,Chicago,60641
IRVING ,ES,"PK,K-8",Level 2,749 S Oakley Blvd  ,IL,Chicago,60612
JACKSON A ,ES,K-8,Level 1+,1340 W Harrison St  ,IL,Chicago,60607
JACKSON M ,ES,"PK,K-8",Level 2,917 W 88th St  ,IL,Chicago,60620
JAHN ,ES,"PK,K-8",Level 2+,3149 N Wolcott Ave  ,IL,Chicago,60657
JAMIESON ,ES,"PK,K-8",Level 1+,5650 N Mozart St  ,IL,Chicago,60659
JEFFERSON HS ,HS,06-Dec,Inability to Rate,1100 S Hamilton Ave  ,IL,Chicago,60612
JENSEN ,ES,"PK,K-8",Level 2+,3030 W Harrison St  ,IL,Chicago,60612
JOHNSON ,ES,"PK,K-8",Level 1,1420 S Albany Ave  ,IL,Chicago,60623
JONES HS ,HS,09-Dec,Level 1+,700 S State St  ,IL,Chicago,60605
JOPLIN ,ES,"PK,K-8",Level 1,7931 S Honore St  ,IL,Chicago,60620
JORDAN ,ES,"PK,K-8",Level 1,7414 N Wolcott Ave  ,IL,Chicago,60626
JUAREZ HS ,HS,09-Dec,Level 2+,1450 W Cermak Rd  ,IL,Chicago,60608
JULIAN HS ,HS,09-Dec,Level 2,10330 S Elizabeth St  ,IL,Chicago,60643
JUNGMAN ,ES,"PK,K-8",Level 1,1746 S Miller St  ,IL,Chicago,60608
KANOON ,ES,"PK,K-8",Level 1,2233 S Kedzie Ave  ,IL,Chicago,60623
KELLER ,ES,01-Aug,Level 1+,3020 W 108th St  ,IL,Chicago,60655
KELLMAN ,ES,"PK,K-8",Level 2,3030 W Arthington St  ,IL,Chicago,60612
KELLOGG ,ES,K-8,Level 1+,9241 S Leavitt St  ,IL,Chicago,60643
KELLY HS ,HS,09-Dec,Level 2,4136 S California Ave  ,IL,Chicago,60632
KELVYN PARK HS ,HS,07-Dec,Level 2,4343 W Wrightwood Ave  ,IL,Chicago,60639
KENNEDY HS ,HS,09-Dec,Level 2+,6325 W 56th St  ,IL,Chicago,60638
KENWOOD HS ,HS,07-Dec,Level 1+,5015 S Blackstone Ave  ,IL,Chicago,60615
KERSHAW ,ES,"PK,K-8",Level 1,6450 S Lowe Ave  ,IL,Chicago,60621
KILMER ,ES,"PK,K-8",Level 1,6700 N Greenview Ave  ,IL,Chicago,60626
KING ES ,ES,"PK,K-8",Level 2+,644 W 71st St  ,IL,Chicago,60621
KING HS ,HS,09-Dec,Level 1,4445 S Drexel Blvd  ,IL,Chicago,60653
KINZIE ,ES,"PK,K-8",Level 1+,5625 S Mobile Ave  ,IL,Chicago,60638
KIPLING ,ES,"PE,PK,K-8",Level 2+,9351 S Lowe Ave  ,IL,Chicago,60620
KIPP - ACADEMY ,ES,"K,4-8",Level 1+,4818 W Ohio St  ,IL,Chicago,60644
KIPP - ASCEND ,ES,K-8,Level 1,1616 S Avers Ave  ,IL,Chicago,60623
KIPP - BLOOM ,ES,"K-1,5-8",Level 1+,5515 S Lowe Ave  ,IL,Chicago,60621
KIPP - ONE ,ES,"K-3,5-8",Level 1+,730 N Pulaski  ,IL,Chicago,60624
KOZMINSKI ,ES,"PK,K-8",Level 2,936 E 54th St  ,IL,Chicago,60615
LAKE VIEW HS ,HS,09-Dec,Level 2+,4015 N Ashland Ave  ,IL,Chicago,60613
LANE TECH HS ,HS,07-Dec,Level 1+,2501 W Addison St  ,IL,Chicago,60618
LANGFORD ,ES,"PK,K-8",Level 2,6010 S Throop St  ,IL,Chicago,60636
LARA ,ES,"PK,K-8",Level 1+,4619 S Wolcott Ave  ,IL,Chicago,60609
LASALLE ,ES,K-8,Level 1,1734 N Orleans St  ,IL,Chicago,60614
LASALLE II ,ES,"PK,K-8",Level 1+,1148 N Honore St  ,IL,Chicago,60622
LAVIZZO ,ES,"PK,K-8",Level 1,138 W 109th St  ,IL,Chicago,60628
LAWNDALE ,ES,"PK,K-8",Level 2,3500 W Douglas Blvd  ,IL,Chicago,60623
LEARN - 7 ,ES,K-5,Level 2,3021 W Carroll Ave  ,IL,Chicago,60612
LEARN - BUTLER ,ES,K-8,Level 2+,1132 S Homan Ave  ,IL,Chicago,60624
LEARN - CAMPBELL ,ES,K-6,Level 2+,212 S Francisco Ave  ,IL,Chicago,60612
LEARN - EXCEL ,ES,K-6,Level 1,3021 W Carroll Ave  ,IL,Chicago,60612
LEARN - MIDDLE ,ES,06-Aug,Level 1,3021 W Carroll Ave  ,IL,Chicago,60612
LEARN - PERKINS ,ES,K-8,Level 1,1700 W 83rd St  ,IL,Chicago,60620
LEARN - SOUTH CHICAGO ,ES,K-8,Level 2+,8914 S Buffalo Ave  ,IL,Chicago,60617
LEE ,ES,"PK,K-8",Level 1+,6448 S Tripp Ave  ,IL,Chicago,60629
LEGACY ,ES,K-8,Level 2+,3318 W Ogden Ave  ,IL,Chicago,60623
LEGAL PREP HS ,HS,09-Dec,Level 2+,4319 W Washington Blvd  ,IL,Chicago,60624
LELAND ,ES,"PK,K-8",Level 2,512 S Lavergne Ave  ,IL,Chicago,60644
LENART ,ES,"PK,K-8",Level 1+,8101 S Lasalle St  ,IL,Chicago,60620
LEWIS ,ES,"PK,K-8",Level 1,1431 N Leamington Ave  ,IL,Chicago,60651
LIBBY ,ES,"PK,K-8",Level 2+,5300 S Loomis Blvd  ,IL,Chicago,60609
LINCOLN ,ES,K-8,Level 1+,615 W Kemper Pl  ,IL,Chicago,60614
LINCOLN PARK HS ,HS,09-Dec,Level 1+,2001 N Orchard St  ,IL,Chicago,60614
LINDBLOM HS ,HS,07-Dec,Level 1+,6130 S Wolcott Ave  ,IL,Chicago,60636
LITTLE BLACK PEARL HS ,HS,09-Dec,Level 2+,1060 E 47th St  ,IL,Chicago,60653
LITTLE VILLAGE ,ES,"PK,K-8",Level 1,2620 S Lawndale Ave  ,IL,Chicago,60623
LLOYD ,ES,"PK,K-5",Level 2+,2103 N Lamon Ave  ,IL,Chicago,60639
LOCKE A ,ES,K-8,Level 2+,3141 W Jackson Blvd  ,IL,Chicago,60612
LOCKE J ,ES,"PK,K-8",Level 1+,2828 N Oak Park Ave  ,IL,Chicago,60634
LORCA ,ES,"PK,K-8",Level 1,3231 N Springfield Ave  ,IL,Chicago,60618
LOVETT ,ES,"PK,K-8",Level 1,6333 W Bloomingdale Ave  ,IL,Chicago,60639
LOWELL ,ES,"PK,K-8",Level 2+,3320 W Hirsch St  ,IL,Chicago,60651
LOZANO ,ES,"PK,K-8",Level 2+,1501 N Greenview Ave  ,IL,Chicago,60642
LYON ,ES,K-8,Level 1+,2941 N Mcvicker Ave  ,IL,Chicago,60634
MADERO ,MS,06-Aug,Level 1,3202 W 28th St  ,IL,Chicago,60623
MADISON ,ES,"PK,K-8",Level 2,7433 S Dorchester Ave  ,IL,Chicago,60619
MANIERRE ,ES,"PK,K-8",Level 3,1420 N Hudson Ave  ,IL,Chicago,60610
MANLEY HS ,HS,09-Dec,Level 2,2935 W Polk St  ,IL,Chicago,60612
MANN ,ES,"PK,K-8",Level 1+,8050 S Chappel Ave  ,IL,Chicago,60617
MARINE LEADERSHIP AT AMES HS ,HS,07-Dec,Level 1,1920 N Hamlin Ave  ,IL,Chicago,60647
MARQUETTE ,ES,"PK,K-8",Level 1+,6550 S Richmond St  ,IL,Chicago,60629
MARSH ,ES,"PK,K-8",Level 1,9822 S Exchange Ave  ,IL,Chicago,60617
MARSHALL HS ,HS,09-Dec,Level 2,3250 W Adams St  ,IL,Chicago,60624
MASON ,ES,"PK,K-8",Level 1,4217 W 18th St  ,IL,Chicago,60623
MATHER HS ,HS,09-Dec,Level 2+,5835 N Lincoln Ave  ,IL,Chicago,60659
MAYER ,ES,"PK,K-8",Level 1+,2250 N Clifton Ave  ,IL,Chicago,60614
MAYS ,ES,"PK,K-8",Level 2,6656 S Normal Blvd  ,IL,Chicago,60621
MCAULIFFE ,ES,"PK,K-8",Level 2+,1841 N Springfield Ave  ,IL,Chicago,60647
MCCLELLAN ,ES,"PK,K-8",Level 1+,3527 S Wallace St  ,IL,Chicago,60609
MCCORMICK ,ES,"PK,K-5",Level 1,2712 S Sawyer Ave  ,IL,Chicago,60623
MCCUTCHEON ,ES,"PK,K-8",Level 2+,4865 N Sheridan Rd  ,IL,Chicago,60640
MCDADE ,ES,K-6,Level 1+,8801 S Indiana Ave  ,IL,Chicago,60619
MCDOWELL ,ES,"PK,K-5",Level 1+,1419 E 89th St  ,IL,Chicago,60619
MCKAY ,ES,"PK,K-8",Level 1,6901 S Fairfield Ave  ,IL,Chicago,60629
MCNAIR ,ES,"PK,K-8",Level 1+,4820 W Walton St  ,IL,Chicago,60651
MCPHERSON ,ES,"PK,K-8",Level 1,4728 N Wolcott Ave  ,IL,Chicago,60640
MELODY ,ES,"PK,K-8",Level 2+,3937 W Wilcox St  ,IL,Chicago,60624
METCALFE ,ES,"PK,K-8",Level 2,12339 S Normal Ave  ,IL,Chicago,60628
MIRELES ,ES,"PK,K-8",Level 2,9000 S Exchange Ave  ,IL,Chicago,60617
MITCHELL ,ES,"PK,K-8",Level 1,2233 W Ohio St  ,IL,Chicago,60612
MOLLISON ,ES,"PK,K-8",Level 2,4415 S Dr Martin L King Jr Dr  ,IL,Chicago,60653
MONROE ,ES,"PK,K-8",Level 2+,3651 W Schubert Ave  ,IL,Chicago,60647
MONTESSORI ENGLEWOOD ,ES,"PK,K-8",Level 3,6936 S Hermitage Ave  ,IL,Chicago,60636
MOOS ,ES,"PK,K-8",Level 1+,1711 N California Ave  ,IL,Chicago,60647
MORGAN PARK HS ,HS,07-Dec,Level 2,1744 W Pryor Ave  ,IL,Chicago,60643
MORRILL ,ES,"PK,K-8",Level 2,6011 S Rockwell St  ,IL,Chicago,60629
MORTON ,ES,"PK,K-8",Level 1+,431 N Troy St  ,IL,Chicago,60612
MOUNT GREENWOOD ,ES,K-8,Level 1+,10841 S Homan Ave  ,IL,Chicago,60655
MOUNT VERNON ,ES,"PK,K-8",Level 2+,10540 S Morgan St  ,IL,Chicago,60643
MOVING EVEREST ,ES,K-5,Level 2+,416 N Laramie Ave  ,IL,Chicago,60644
MOZART ,ES,"PK,K-8",Level 1,2200 N Hamlin Ave  ,IL,Chicago,60647
MULTICULTURAL HS ,HS,09-Dec,Level 2+,3120 S Kostner Ave  ,IL,Chicago,60623
MURPHY ,ES,"PK,K-8",Level 2+,3539 W Grace St  ,IL,Chicago,60618
MURRAY ,ES,K-8,Level 2+,5335 S Kenwood Ave  ,IL,Chicago,60615
NAMASTE ,ES,K-8,Level 2+,3737 S Paulina St  ,IL,Chicago,60609
NASH ,ES,"PK,K-8",Level 1,4837 W Erie St  ,IL,Chicago,60644
NATIONAL TEACHERS ,ES,"PK,K-8",Level 1+,55 W Cermak Rd  ,IL,Chicago,60616
NEIL ,ES,"PK,K-8",Level 2,8555 S Michigan Ave  ,IL,Chicago,60619
NETTELHORST ,ES,"PK,K-8",Level 1,3252 N Broadway St  ,IL,Chicago,60657
NEW FIELD ,ES,"PK,K-4",Level 1+,1707 W Morse Ave  ,IL,Chicago,60626
NEW SULLIVAN ,ES,"PK,K-8",Level 2+,8331 S Mackinaw Ave  ,IL,Chicago,60617
NEWBERRY ,ES,"PK,K-8",Level 1,700 W Willow St  ,IL,Chicago,60614
NICHOLSON ,ES,"PK,K-8",Level 3,6006 S Peoria St  ,IL,Chicago,60621
NIGHTINGALE ,ES,"PK,K-8",Level 1,5250 S Rockwell St  ,IL,Chicago,60632
NINOS HEROES ,ES,"PK,K-8",Level 2,8344 S Commercial Ave  ,IL,Chicago,60617
NIXON ,ES,"PK,K-6",Level 2+,2121 N Keeler Ave  ,IL,Chicago,60639
NOBEL ,ES,"PK,K-8",Level 1+,4127 W Hirsch St  ,IL,Chicago,60651
NOBLE - ACADEMY HS ,HS,09-Dec,Level 1+,1443 N Ogden Ave  ,IL,Chicago,60610
NOBLE - BAKER HS ,HS,09-Dec,Level 1,2710 E 89th St  ,IL,Chicago,60617
NOBLE - BULLS HS ,HS,09-Dec,Level 1+,2040 W Adams St  ,IL,Chicago,60612
NOBLE - BUTLER HS ,HS,09-Dec,Level 1,821 E 103rd St  ,IL,Chicago,60628
NOBLE - COMER ,HS,06-Dec,Level 1,7131 S South ,IL,Chicago,60619
NOBLE - DRW HS ,HS,09-Dec,Level 2,931 S Homan Ave  ,IL,Chicago,60624
NOBLE - GOLDER HS ,HS,09-Dec,Level 1+,1454 W Superior St  ,IL,Chicago,60642
NOBLE - HANSBERRY HS ,HS,09-Dec,Level 1+,8748 S Aberdeen St  ,IL,Chicago,60620
NOBLE - ITW SPEER HS ,HS,09-Dec,Level 1+,5321 W Grand Ave  ,IL,Chicago,60639
NOBLE - JOHNSON HS ,HS,09-Dec,Level 2+,6350 S Stewart Ave  ,IL,Chicago,60621
NOBLE - MANSUETO HS ,HS,09-Dec,Level 1+,2911 W 47th  ,IL,Chicago,60632
NOBLE - MUCHIN HS ,HS,09-Dec,Level 1+,1 N State St  ,IL,Chicago,60602
NOBLE - NOBLE HS ,HS,09-Dec,Level 1+,1010 N Noble St  ,IL,Chicago,60642
NOBLE - PRITZKER HS ,HS,09-Dec,Level 1+,4131 W Cortland St  ,IL,Chicago,60639
NOBLE - RAUNER HS ,HS,09-Dec,Level 1+,1337 W Ohio St  ,IL,Chicago,60642
NOBLE - ROWE CLARK HS ,HS,09-Dec,Level 1,3645 W ,IL,Chicago,60651
NOBLE - UIC HS ,HS,09-Dec,Level 1+,1231 S Damen Ave  ,IL,Chicago,60608
NORTH LAWNDALE - CHRISTIANA HS ,HS,09-Dec,Level 2+,1615 S Christiana Ave  ,IL,Chicago,60623
NORTH LAWNDALE - COLLINS HS ,HS,09-Dec,Level 2+,1313 S Sacramento Dr  ,IL,Chicago,60623
NORTH RIVER ,ES,"PK,K-8",Level 1+,4416 N Troy St  ,IL,Chicago,60625
NORTH-GRAND HS ,HS,09-Dec,Level 1,4338 W Wabansia Ave  ,IL,Chicago,60639
NORTHSIDE LEARNING HS ,HS,09-Dec,Inability to Rate,3730 W Bryn Mawr Ave  ,IL,Chicago,60659
NORTHSIDE PREP HS ,HS,09-Dec,Level 1+,5501 N Kedzie Ave  ,IL,Chicago,60625
NORTHWEST ,MS,06-Aug,Level 2,5252 W Palmer St  ,IL,Chicago,60639
NORWOOD PARK ,ES,"PK,K-8",Level 1+,5900 N Nina Ave  ,IL,Chicago,60631
OGDEN ES ,ES,"PK,K-8",Level 1,24 W Walton St  ,IL,Chicago,60610
OGDEN HS ,HS,09-Dec,Level 1,1250 W Erie St  ,IL,Chicago,60642
OGLESBY ,ES,"PK,K-8",Level 2,7646 S Green St  ,IL,Chicago,60620
OKEEFFE ,ES,"PK,K-8",Level 2,6940 S Merrill Ave  ,IL,Chicago,60649
OMBUDSMAN - NORTHWEST HS ,HS,09-Dec,Level 2,7500 N Harlem Ave  ,IL,Chicago,60631
OMBUDSMAN - SOUTH HS ,HS,09-Dec,Level 2,6057 S Western Ave  ,IL,Chicago,60636
OMBUDSMAN - WEST HS ,HS,09-Dec,Level 2,2401 W Congress Pkwy  ,IL,Chicago,60612
ONAHAN ,ES,"PK,K-8",Level 1,6634 W Raven St  ,IL,Chicago,60631
ORIOLE PARK ,ES,"PK,K-8",Level 1+,5424 N Oketo Ave  ,IL,Chicago,60656
OROZCO ,ES,"PK,K-8",Level 1,1940 W 18th St  ,IL,Chicago,60608
ORR HS ,HS,09-Dec,Level 2,730 N Pulaski Rd  ,IL,Chicago,60624
ORTIZ DE DOMINGUEZ ,ES,"PK,K-2",Inability to Rate,3000 S Lawndale Ave  ,IL,Chicago,60623
OTIS ,ES,"PK,K-8",Level 2,525 N Armour St  ,IL,Chicago,60642
OTOOLE ,ES,"PK,K-8",Level 2+,6550 S Seeley Ave  ,IL,Chicago,60636
OWEN ,ES,"PK,K-8",Level 1,8247 S Christiana Ave  ,IL,Chicago,60652
OWENS ,ES,"PK,K-8",Level 2,12302 S State St  ,IL,Chicago,60628
PALMER ,ES,"PK,K-8",Level 1+,5051 N Kenneth Ave  ,IL,Chicago,60630
PARK MANOR ,ES,"PK,K-8",Level 1+,7037 S Rhodes Ave  ,IL,Chicago,60637
PARKER ,ES,"PK,K-8",Level 2,6800 S Stewart Ave  ,IL,Chicago,60621
PARKSIDE ,ES,"PK,K-8",Level 1+,6938 S East End Ave  ,IL,Chicago,60649
PASTEUR ,ES,"PK,K-4",Level 1+,5825 S Kostner Ave  ,IL,Chicago,60629
PATHWAYS - ASHBURN HS ,HS,09-Dec,Level 2+,3284 W 87th St  ,IL,Chicago,60652
PATHWAYS - AVONDALE HS ,HS,09-Dec,Level 2,3100 W Belmont Ave  ,IL,Chicago,60618
PATHWAYS - BRIGHTON PARK HS ,HS,09-Dec,Level 2,3124 W 47th St  ,IL,Chicago,60632
PAYTON HS ,HS,09-Dec,Level 1+,1034 N Wells St  ,IL,Chicago,60610
PEACE AND EDUCATION HS ,HS,10-Dec,Level 1+,4946 S Paulina St  ,IL,Chicago,60609
PECK ,ES,"PK,K-4",Level 1+,3826 W 58th St  ,IL,Chicago,60629
PEIRCE ,ES,"PK,K-8",Level 1+,1423 W Bryn Mawr Ave  ,IL,Chicago,60660
PENN ,ES,"PK,K-8",Level 1+,1616 S Avers Ave  ,IL,Chicago,60623
PEREZ ,ES,"PK,K-8",Level 1,1241 W 19th St  ,IL,Chicago,60608
PERSHING ,ES,"PK,K-8",Level 1,3200 S Calumet Ave  ,IL,Chicago,60616
PERSPECTIVES - JOSLIN HS ,HS,06-Dec,Level 2+,1930 S Archer Ave  ,IL,Chicago,60616
PERSPECTIVES - LEADERSHIP HS ,HS,06-Dec,Level 2+,8522 S Lafayette Ave  ,IL,Chicago,60620
PERSPECTIVES - MATH & SCI HS ,HS,06-Dec,Level 2+,3663 S Wabash Ave  ,IL,Chicago,60653
PERSPECTIVES - TECH HS ,HS,09-Dec,Level 2+,8522 S Lafayette Ave  ,IL,Chicago,60620
PETERSON ,ES,"PK,K-8",Level 1+,5510 N Christiana Ave  ,IL,Chicago,60625
PHILLIPS HS ,HS,09-Dec,Level 2,244 E Pershing Rd  ,IL,Chicago,60653
PHOENIX MILITARY HS ,HS,09-Dec,Level 1+,145 S Campbell Ave  ,IL,Chicago,60612
PICCOLO ,ES,"PK,K-8",Level 1,1040 N Keeler Ave  ,IL,Chicago,60651
PICKARD ,ES,"PK,K-8",Level 1+,2301 W 21st Pl  ,IL,Chicago,60608
PILSEN ,ES,"PK,K-8",Level 1+,1420 W 17th St  ,IL,Chicago,60608
PIRIE ,ES,"PK,K-6",Level 2+,650 E 85th St  ,IL,Chicago,60619
PLAMONDON ,ES,K-8,Level 1,2642 W 15th Pl  ,IL,Chicago,60608
PLATO ,ES,K-8,Level 2,5545 W Harrison St  ,IL,Chicago,60644
POE ,ES,K-6,Level 1+,10538 S Langley Ave  ,IL,Chicago,60628
POLARIS ,ES,K-8,Level 1,620 N Sawyer Ave  ,IL,Chicago,60624
PORTAGE PARK ,ES,"PK,K-8",Level 1,5330 W Berteau Ave  ,IL,Chicago,60641
POWELL ,ES,"PK,K-8",Level 2+,7511 S South Shore Dr  ,IL,Chicago,60649
PRESCOTT ,ES,K-8,Level 1+,1632 W Wrightwood Ave  ,IL,Chicago,60614
PRIETO ,ES,"PK,K-8",Level 2+,2231 N Central Ave  ,IL,Chicago,60639
PRITZKER ,ES,"PK,K-8",Level 1+,2009 W Schiller St  ,IL,Chicago,60622
PROSSER HS ,HS,09-Dec,Level 1,2148 N Long Ave  ,IL,Chicago,60639
PROVIDENCE ENGLEWOOD ,ES,K-8,Level 2,6515 S Ashland Ave  ,IL,Chicago,60636
PRUSSING ,ES,K-8,Level 1,4650 N Menard Ave  ,IL,Chicago,60630
PULASKI ,ES,"PK,K-8",Level 1+,2230 W Mclean Ave  ,IL,Chicago,60647
PULLMAN ,ES,"PK,K-8",Level 2+,11311 S Forrestville Ave  ,IL,Chicago,60628
RABY HS ,HS,09-Dec,Level 2,3545 W Fulton Blvd  ,IL,Chicago,60624
RANDOLPH ,ES,"PK,K-8",Level 2,7316 S Hoyne Ave  ,IL,Chicago,60636
RAVENSWOOD ,ES,"PK,K-8",Level 1+,4332 N Paulina St  ,IL,Chicago,60613
RAY ,ES,"PK,K-8",Level 2+,5631 S Kimbark Ave  ,IL,Chicago,60637
REAVIS ,ES,"PK,K-8",Level 2+,834 E 50th St  ,IL,Chicago,60615
REILLY ,ES,"PK,K-8",Level 1,3650 W School St  ,IL,Chicago,60618
REINBERG ,ES,"PK,K-8",Level 2+,3425 N Major Ave  ,IL,Chicago,60634
REVERE ,ES,"PK,K-8",Level 2+,1010 E 72nd St  ,IL,Chicago,60619
RICHARDS HS ,HS,09-Dec,Level 3,5009 S Laflin St  ,IL,Chicago,60609
RICHARDSON ,MS,05-Aug,Level 2+,6018 S Karlov  ,IL,Chicago,60629
RICKOVER MILITARY HS ,HS,09-Dec,Level 1,5700 W Berteau Ave  ,IL,Chicago,60634
ROBINSON ,ES,"PK,K-3",Level 1+,4225 S Lake Park Ave  ,IL,Chicago,60653
ROGERS ,ES,"PK,K-8",Level 1+,7345 N Washtenaw Ave  ,IL,Chicago,60645
ROOSEVELT HS ,HS,09-Dec,Level 2+,3436 W Wilson Ave  ,IL,Chicago,60625
ROWE ,ES,K-8,Level 1+,1424 N Cleaver St  ,IL,Chicago,60642
RUDOLPH ,ES,"PK,K-6",Inability to Rate,1628 W Washington Blvd  ,IL,Chicago,60612
RUGGLES ,ES,"PK,K-8",Level 1,7831 S Prairie Ave  ,IL,Chicago,60619
RUIZ ,ES,"PK,K-8",Level 1+,2410 S Leavitt St  ,IL,Chicago,60608
RYDER ,ES,"PK,K-8",Level 1+,8716 S Wallace St  ,IL,Chicago,60620
SABIN ,ES,"PE,PK,K-8",Level 2+,2216 W Hirsch St  ,IL,Chicago,60622
SADLOWSKI ,ES,"PK,K-8",Level 1,3930 E 105th  ,IL,Chicago,60617
SALAZAR ,ES,"PK,K-8",Level 1+,160 W Wendell St  ,IL,Chicago,60610
SANDOVAL ,ES,"PK,K-5",Level 1+,5534 S Saint Louis Ave  ,IL,Chicago,60629
SAUCEDO ,ES,"PK,K-8",Level 1,2850 W 24th Blvd  ,IL,Chicago,60623
SAUGANASH ,ES,K-8,Level 1+,6040 N Kilpatrick Ave  ,IL,Chicago,60646
SAWYER ,ES,K-8,Level 2+,5248 S Sawyer Ave  ,IL,Chicago,60632
SAYRE ,ES,"PK,K-8",Level 2+,1850 N Newland Ave  ,IL,Chicago,60707
SCAMMON ,ES,"PK,K-8",Level 1+,4201 W Henderson St  ,IL,Chicago,60641
SCHMID ,ES,"PK,K-8",Level 2+,9755 S Greenwood Ave  ,IL,Chicago,60628
SCHUBERT ,ES,"PK,K-5",Level 2+,2727 N Long Ave  ,IL,Chicago,60639
SCHURZ HS ,HS,09-Dec,Level 2,3601 N Milwaukee Ave  ,IL,Chicago,60641
SENN HS ,HS,09-Dec,Level 1,5900 N Glenwood Ave  ,IL,Chicago,60660
SEWARD ,ES,"PK,K-8",Level 2+,4600 S Hermitage Ave  ,IL,Chicago,60609
SHERIDAN ,ES,K-8,Level 1+,533 W 27th St  ,IL,Chicago,60616
SHERMAN ,ES,"PK,K-8",Level 2+,1000 W 52nd St  ,IL,Chicago,60609
SHERWOOD ,ES,"PK,K-8",Level 2+,245 W 57th St  ,IL,Chicago,60621
SHIELDS ,ES,"PK,K-4",Level 1+,4250 S Rockwell St  ,IL,Chicago,60632
SHIELDS MIDDLE ,MS,05-Aug,Level 1,2611 W 48th St  ,IL,Chicago,60632
SHOESMITH ,ES,K-6,Level 1+,1330 E 50th St  ,IL,Chicago,60615
SHOOP ,ES,"PK,K-8",Level 1,11140 S Bishop St  ,IL,Chicago,60643
SIMEON HS ,HS,09-Dec,Level 2+,8147 S Vincennes Ave  ,IL,Chicago,60620
SIMPSON HS ,HS,06-Dec,Level 2+,1321 S Paulina St  ,IL,Chicago,60608
SKINNER ,ES,"PK,K-8",Level 1+,1260 W Adams St  ,IL,Chicago,60607
SKINNER NORTH ,ES,K-8,Level 1+,640 W Scott St  ,IL,Chicago,60610
SMITH ,ES,"PK,K-8",Level 1,744 E 103rd St  ,IL,Chicago,60628
SMYSER ,ES,"PK,K-8",Level 1,4310 N Melvina Ave  ,IL,Chicago,60634
SMYTH ,ES,"PK,K-8",Level 2+,1059 W 13th St  ,IL,Chicago,60608
SOCIAL JUSTICE HS ,HS,09-Dec,Level 1,3120 S Kostner Ave  ,IL,Chicago,60623
SOLOMON ,ES,"PK,K-8",Level 1+,6206 N Hamlin Ave  ,IL,Chicago,60659
SOLORIO HS ,HS,09-Dec,Level 1+,5400 S St Louis Ave  ,IL,Chicago,60632
SOR JUANA ,ES,"PK,K-3",Inability to Rate,4120 W 57th  ,IL,Chicago,60629
SOUTH LOOP ,ES,"PK,K-8",Level 1,1601 S Dearborn St  ,IL,Chicago,60616
SOUTH SHORE ES ,ES,"PK,K-8",Level 2+,1415 E 70th St  ,IL,Chicago,60637
SOUTH SHORE INTL HS ,HS,09-Dec,Level 2+,1955 E 75th St  ,IL,Chicago,60649
SOUTHSIDE HS ,HS,11-Dec,Inability to Rate,7342 S Hoyne Ave  ,IL,Chicago,60636
SPENCER ,ES,"PK,K-8",Level 1+,214 N Lavergne Ave  ,IL,Chicago,60644
SPRY ES ,ES,"PK,K-8",Level 2,2400 S Marshall Blvd  ,IL,Chicago,60623
SPRY HS ,HS,09-Dec,Level 2+,2400 S Marshall Blvd  ,IL,Chicago,60623
STAGG ,ES,"PK,K-8",Level 1,7424 S Morgan St  ,IL,Chicago,60621
STEINMETZ HS ,HS,09-Dec,Level 2+,3030 N Mobile Ave  ,IL,Chicago,60634
STEM ,ES,K-8,Level 1+,1522 W Fillmore St  ,IL,Chicago,60607
STEVENSON ,ES,"PK,K-8",Level 1,8010 S Kostner Ave  ,IL,Chicago,60652
STOCK ,ES,PK,Inability to Rate,7507 W Birchwood Ave  ,IL,Chicago,60631
STONE ,ES,K-8,Level 1+,6239 N Leavitt St  ,IL,Chicago,60659
STOWE ,ES,"PK,K-8",Level 2+,3444 W Wabansia Ave  ,IL,Chicago,60647
SUDER ,ES,"PK,K-8",Level 2+,2022 W Washington Blvd  ,IL,Chicago,60612
SULLIVAN HS ,HS,09-Dec,Level 2+,6631 N Bosworth Ave  ,IL,Chicago,60626
SUMNER ,ES,"PK,K-8",Level 1,4320 W 5th Ave  ,IL,Chicago,60624
SUTHERLAND ,ES,K-8,Level 1+,10015 S Leavitt St  ,IL,Chicago,60643
SWIFT ,ES,"PK,K-8",Level 1,5900 N Winthrop Ave  ,IL,Chicago,60660
TAFT HS ,HS,07-Dec,Level 1,6530 W Bryn Mawr Ave  ,IL,Chicago,60631
TALCOTT ,ES,"PK,K-8",Level 2+,1840 W Ohio St  ,IL,Chicago,60622
TALMAN ,ES,"PK,K-8",Level 1+,5450 S Talman Ave  ,IL,Chicago,60632
TANNER ,ES,"PK,K-8",Level 1,7350 S Evans Ave  ,IL,Chicago,60619
TARKINGTON ,ES,"PK,K-8",Level 1+,3330 W 71st St  ,IL,Chicago,60629
TAYLOR ,ES,"PK,K-8",Level 2+,9912 S Avenue H  ,IL,Chicago,60617
TELPOCHCALLI ,ES,"PK,K-8",Level 2+,2832 W 24th Blvd  ,IL,Chicago,60623
THOMAS ,ES,PK,Inability to Rate,3625 S Hoyne Ave  ,IL,Chicago,60609
THORP J ,ES,"PK,K-8",Level 2+,8914 S Buffalo Ave  ,IL,Chicago,60617
THORP O ,ES,K-8,Level 1+,6024 W Warwick Ave  ,IL,Chicago,60634
TILDEN HS ,HS,09-Dec,Level 2,4747 S Union Ave  ,IL,Chicago,60609
TILL ,ES,"PK,K-8",Level 1+,6543 S Champlain Ave  ,IL,Chicago,60637
TILTON ,ES,"PK,K-8",Level 1,223 N Keeler Ave  ,IL,Chicago,60624
TONTI ,ES,"PK,K-5",Level 1+,5815 S Homan Ave  ,IL,Chicago,60629
TURNER-DREW ,ES,K-8,Level 2+,9300 S Princeton Ave  ,IL,Chicago,60620
TWAIN ,ES,"PK,K-8",Level 1,5134 S Lotus Ave  ,IL,Chicago,60638
U OF C - DONOGHUE ,ES,"PK,K-5",Level 1,707 E 37th St  ,IL,Chicago,60653
U OF C - NKO ,ES,"PK,K-5",Level 2+,1119 E 46th St  ,IL,Chicago,60653
U OF C - WOODLAWN HS ,HS,06-Dec,Level 2+,6300 S University Ave  ,IL,Chicago,60637
UPLIFT HS ,HS,09-Dec,Level 2,900 W Wilson Ave  ,IL,Chicago,60640
URBAN PREP - BRONZEVILLE HS ,HS,09-Dec,Level 2,521 E 35th St  ,IL,Chicago,60616
URBAN PREP - ENGLEWOOD HS ,HS,09-Dec,Level 2,6201 S Stewart Ave  ,IL,Chicago,60621
VANDERPOEL ,ES,K-8,Level 2+,9510 S Prospect Ave  ,IL,Chicago,60643
VAUGHN HS ,HS,09-Dec,Inability to Rate,4355 N Linder Ave  ,IL,Chicago,60641
VICK ,ES,PK,Inability to Rate,2554 W 113th St  ,IL,Chicago,60655
VOLTA ,ES,"PK,K-8",Level 1+,4950 N Avers Ave  ,IL,Chicago,60625
VON LINNE ,ES,"PK,K-8",Level 1+,3221 N Sacramento Ave  ,IL,Chicago,60618
VON STEUBEN HS ,HS,09-Dec,Level 1+,5039 N Kimball Ave  ,IL,Chicago,60625
WACKER ,ES,"PK,K-8",Level 2+,9746 S Morgan St  ,IL,Chicago,60643
WADSWORTH ,ES,"PK,K-8",Level 2+,6650 S Ellis Ave  ,IL,Chicago,60637
WALSH ,ES,"PK,K-8",Level 2+,2015 S Peoria St  ,IL,Chicago,60608
WARD J ,ES,"PK,K-8",Level 1+,2701 S Shields Ave  ,IL,Chicago,60616
WARD L ,ES,"PK,K-8",Level 1,646 N Lawndale Ave  ,IL,Chicago,60624
WARREN ,ES,"PK,K-8",Level 1+,9239 S Jeffery Ave  ,IL,Chicago,60617
WASHINGTON G ES ,ES,"PK,K-8",Level 2+,3611 E 114th St  ,IL,Chicago,60617
WASHINGTON H ES ,ES,"PK,K-8",Level 2,9130 S University Ave  ,IL,Chicago,60619
WASHINGTON HS ,HS,09-Dec,Level 1,3535 E 114th St  ,IL,Chicago,60617
WATERS ,ES,K-8,Level 1+,4540 N Campbell Ave  ,IL,Chicago,60625
WEBSTER ,ES,"PK,K-8",Level 1+,4055 W Arthington St  ,IL,Chicago,60624
WELLS ES ,ES,"PK,K-8",Level 2+,249 E 37th St  ,IL,Chicago,60653
WELLS HS ,HS,09-Dec,Level 2+,936 N Ashland Ave  ,IL,Chicago,60622
WENTWORTH ,ES,"PK,K-8",Level 2,1340 W 71st St  ,IL,Chicago,60636
WEST PARK ,ES,"PK,K-8",Level 2,1425 N Tripp Ave  ,IL,Chicago,60651
WEST RIDGE ,ES,"PK,K-8",Level 1+,6700 N Whipple St  ,IL,Chicago,60645
WESTCOTT ,ES,"PK,K-8",Level 1,409 W 80th St  ,IL,Chicago,60620
WESTINGHOUSE HS ,HS,09-Dec,Level 1+,3223 W Franklin Blvd  ,IL,Chicago,60624
WHISTLER ,ES,"PK,K-8",Level 2+,11533 S Ada St  ,IL,Chicago,60643
WHITE ,ES,"PK,K-8",Level 2+,1136 W 122nd St  ,IL,Chicago,60643
WHITNEY ,ES,"PK,K-8",Level 2+,2815 S Komensky Ave  ,IL,Chicago,60623
WHITTIER ,ES,"PK,K-8",Level 1+,1900 W 23rd St  ,IL,Chicago,60608
WILDWOOD ,ES,K-8,Level 1+,6950 N Hiawatha Ave  ,IL,Chicago,60646
WILLIAMS HS ,HS,09-Dec,Level 2+,4934 S Wabash Ave  ,IL,Chicago,60615
WOODLAWN ,ES,"PK,K-6",Level 1+,6657 S Kimbark Ave  ,IL,Chicago,60637
WOODSON ,ES,"PK,K-8",Level 2+,4414 S Evans Ave  ,IL,Chicago,60653
WORLD LANGUAGE HS ,HS,09-Dec,Level 1+,3120 S Kostner Ave  ,IL,Chicago,60623
YATES ,ES,"PK,K-8",Level 2,1839 N Richmond St  ,IL,Chicago,60647
YCCS - ADDAMS ,HS,09-Dec,Level 1+,1814 S Union Ave  ,IL,Chicago,60616
YCCS - ASPIRA PANTOJA ,HS,09-Dec,Level 1,3121 N Pulaski Rd  ,IL,Chicago,60641
YCCS - AUSTIN CAREER ,HS,09-Dec,Level 1,5352 W ,IL,Chicago,60651
YCCS - CAMPOS ,HS,09-Dec,Level 2+,2739 W Division St  ,IL,Chicago,60622
YCCS - CCA ACADEMY ,HS,09-Dec,Level 1,1231 S Pulaski Rd  ,IL,Chicago,60623
YCCS - CHATHAM ,HS,09-Dec,Level 1,9035 S Langley Ave  ,IL,Chicago,60619
YCCS - INNOVATIONS ,HS,09-Dec,Level 2+,17 N State St  ,IL,Chicago,60602
YCCS - LATINO YOUTH ,HS,09-Dec,Level 1,2001 S California Ave  ,IL,Chicago,60608
YCCS - MCKINLEY ,HS,09-Dec,Level 2+,2920 S Wabash Ave  ,IL,Chicago,60616
YCCS - OLIVE HARVEY ,HS,09-Dec,Level 2+,10001 S Woodlawn Ave  ,IL,Chicago,60628
YCCS - PROGRESSIVE LEADERSHIP ,HS,09-Dec,Level 1,6620 S Dr Martin Luther King Jr Dr  ,IL,Chicago,60637
YCCS - SCHOLASTIC ACHIEVEMENT ,HS,09-Dec,Level 1+,4651 W Madison St  ,IL,Chicago,60644
YCCS - SULLIVAN ,HS,09-Dec,Level 1+,8164 S South ,IL,Chicago,60617
YCCS - TRUMAN ,HS,09-Dec,Level 1+,1145 W Wilson Ave  ,IL,Chicago,60640
YCCS - VIRTUAL ,HS,09-Dec,Inability to Rate,1900 W Van Buren St  ,IL,Chicago,60612
YCCS - WEST ,HS,09-Dec,Level 1,4909 W Division St  ,IL,Chicago,60651
YCCS - WEST TOWN ,HS,09-Dec,Level 2+,500 N Sacramento Blvd  ,IL,Chicago,60612
YCCS - YOUTH CONNECTION ,HS,09-Dec,Level 2+,3424 S State St  ,IL,Chicago,60616
YCCS - YOUTH DEVELOPMENT ,HS,09-Dec,Level 1,7836 S Union Ave  ,IL,Chicago,60620
YORK HS ,HS,09-Dec,Inability to Rate,2700 S California Ave  ,IL,Chicago,60608
YOUNG ES ,ES,"PK,K-8",Level 1,1434 N Parkside Ave  ,IL,Chicago,60651
YOUNG HS ,HS,07-Dec,Level 1+,211 S Laflin St  ,IL,Chicago,60607
ZAPATA ,ES,"PK,K-8",Level 1,2728 S Kostner Ave  ,IL,Chicago,60623
